ID Bolt;Descripción;Archivo evidencia;Tipo;Clase/Función/Componente;Commit;Fecha;Rama;Líneas;URL GitHub
INT-001-BOLT-001;Docker Compose base con backend, frontend, ml-service y base de datos;docker-compose.yml;Docker Compose;docker-compose.yml;6bdfcfd;2026-06-28;main;1-67;https://github.com/Keterod/siderae-blenkir/blob/6bdfcfd105735881a95f96bafe3b9912f4bbb1ce/docker-compose.yml#L1-L67
INT-001-BOLT-002;Dockerfile del servicio backend;backend/Dockerfile;Dockerfile;backend/Dockerfile;d482ac7;2026-06-28;main;1-20;https://github.com/Keterod/siderae-blenkir/blob/d482ac7f7c57f6d198b9c3437ba8ee3fe1b4240a/backend/Dockerfile#L1-L20
INT-001-BOLT-003;Dockerfile del servicio frontend;frontend/Dockerfile;Dockerfile;frontend/Dockerfile;ccfa576;2026-04-28;main;1-3;https://github.com/Keterod/siderae-blenkir/blob/ccfa57635f63fbdb899e79a476a78fdc6c8a9d31/frontend/Dockerfile#L1-L3
INT-001-BOLT-004;Dockerfile del servicio ml-service;ml-service/Dockerfile;Dockerfile;ml-service/Dockerfile;6bdfcfd;2026-06-28;main;1-8;https://github.com/Keterod/siderae-blenkir/blob/6bdfcfd105735881a95f96bafe3b9912f4bbb1ce/ml-service/Dockerfile#L1-L8
INT-001-BOLT-005;Variables de entorno de ejemplo del backend;backend/.env.example;Environment;backend/.env.example;99457e1;2026-05-02;main;1-16;https://github.com/Keterod/siderae-blenkir/blob/99457e1e72551cbc89a938b74ee6f7a74e88bf28/backend/.env.example#L1-L16
INT-001-BOLT-006;Variables de entorno de ejemplo del frontend;frontend/.env.example;Environment;frontend/.env.example;bcbd043;2026-06-24;main;1-3;https://github.com/Keterod/siderae-blenkir/blob/bcbd043b127336d0ac563be12f7899e062f6734e/frontend/.env.example#L1-L3
INT-001-BOLT-007;Variables de entorno de ejemplo de ml-service;ml-service/.env.example;Environment;ml-service/.env.example;99457e1;2026-05-02;main;1-2;https://github.com/Keterod/siderae-blenkir/blob/99457e1e72551cbc89a938b74ee6f7a74e88bf28/ml-service/.env.example#L1-L2
INT-001-BOLT-008;README principal del proyecto con instrucciones de uso;README.md;Documentación;README.md;9349f80;2026-06-24;main;1-366;https://github.com/Keterod/siderae-blenkir/blob/9349f80bda5f9dcc107050e2776ab52a41d9e096/README.md#L1-L366
INT-001-BOLT-009;Reglas de exclusión de Git;.gitignore;Git;.gitignore;d482ac7;2026-06-28;main;1-64;https://github.com/Keterod/siderae-blenkir/blob/d482ac7f7c57f6d198b9c3437ba8ee3fe1b4240a/.gitignore#L1-L64
INT-001-BOLT-010;Manifest package.json raíz;package.json;Node manifest;package.json;d482ac7;2026-06-28;main;1-5;https://github.com/Keterod/siderae-blenkir/blob/d482ac7f7c57f6d198b9c3437ba8ee3fe1b4240a/package.json#L1-L5
INT-001-BOLT-011;Manifest package.json del frontend;frontend/package.json;Node manifest;frontend/package.json;d482ac7;2026-06-28;main;1-40;https://github.com/Keterod/siderae-blenkir/blob/d482ac7f7c57f6d198b9c3437ba8ee3fe1b4240a/frontend/package.json#L1-L40
INT-001-BOLT-012;Manifest composer.json del backend;backend/composer.json;PHP manifest;backend/composer.json;32af7be;2026-04-28;main;1-91;https://github.com/Keterod/siderae-blenkir/blob/32af7bec9741907cd159f303ac9ed201e146be0e/backend/composer.json#L1-L91
INT-002-BOLT-001;Controlador de sesión autenticada: store, destroy;backend/app/Http/Controllers/Auth/AuthenticatedSessionController.php;Controller;AuthenticatedSessionController;32af7be;2026-04-28;main;11-38;https://github.com/Keterod/siderae-blenkir/blob/32af7bec9741907cd159f303ac9ed201e146be0e/backend/app/Http/Controllers/Auth/AuthenticatedSessionController.php#L11-L38
INT-002-BOLT-002;Restablecimiento de contraseña;backend/app/Http/Controllers/Auth/NewPasswordController.php;Controller;NewPasswordController;32af7be;2026-04-28;main;15-53;https://github.com/Keterod/siderae-blenkir/blob/32af7bec9741907cd159f303ac9ed201e146be0e/backend/app/Http/Controllers/Auth/NewPasswordController.php#L15-L53
INT-002-BOLT-003;Solicitud de enlace para restablecer contraseña;backend/app/Http/Controllers/Auth/PasswordResetLinkController.php;Controller;PasswordResetLinkController;32af7be;2026-04-28;main;11-39;https://github.com/Keterod/siderae-blenkir/blob/32af7bec9741907cd159f303ac9ed201e146be0e/backend/app/Http/Controllers/Auth/PasswordResetLinkController.php#L11-L39
INT-002-BOLT-004;Form request de login con rate limiting y validación de usuario activo;backend/app/Http/Requests/Auth/LoginRequest.php;FormRequest;LoginRequest;ef38acb;2026-05-30;main;14-97;https://github.com/Keterod/siderae-blenkir/blob/ef38acb4f5d1753cf996192f8db472e9c548619a/backend/app/Http/Requests/Auth/LoginRequest.php#L14-L97
INT-002-BOLT-005;Modelo User con roles, permisos y campo activo;backend/app/Models/User.php;Model;User;ef38acb;2026-05-30;main;16-34;https://github.com/Keterod/siderae-blenkir/blob/ef38acb4f5d1753cf996192f8db472e9c548619a/backend/app/Models/User.php#L16-L34
INT-002-BOLT-006;Rutas de autenticación Breeze (register, login, logout, password reset, email verify);backend/routes/auth.php;Route;auth.php;2c51c0d;2026-05-05;main;1-37;https://github.com/Keterod/siderae-blenkir/blob/2c51c0d0213b0d67724bebc6d3684b2cf2f9a0d9/backend/routes/auth.php#L1-L37
INT-002-BOLT-007;Seeder de permisos del sistema y asignación por rol;backend/database/seeders/PermissionsSeeder.php;Seeder;PermissionsSeeder;3c44856;2026-06-24;main;9-147;https://github.com/Keterod/siderae-blenkir/blob/3c44856bcedc2abe69b570c3f10f44114262699f/backend/database/seeders/PermissionsSeeder.php#L9-L147
INT-002-BOLT-008;Seeder de roles del sistema;backend/database/seeders/RolesSeeder.php;Seeder;RolesSeeder;32af7be;2026-04-28;main;7-23;https://github.com/Keterod/siderae-blenkir/blob/32af7bec9741907cd159f303ac9ed201e146be0e/backend/database/seeders/RolesSeeder.php#L7-L23
INT-002-BOLT-009;Componente de formulario de inicio de sesión;frontend/src/components/LoginForm.jsx;Component;LoginForm;cffdd38;2026-05-05;main;7-102;https://github.com/Keterod/siderae-blenkir/blob/cffdd38b6e7f102587a2d563c22b5943cc6667e2/frontend/src/components/LoginForm.jsx#L7-L102
INT-002-BOLT-010;Proveedor de contexto de autenticación (login, logout, sesión);frontend/src/context/AuthContext.jsx;Context;AuthProvider;bcbd043;2026-06-24;main;6-84;https://github.com/Keterod/siderae-blenkir/blob/bcbd043b127336d0ac563be12f7899e062f6734e/frontend/src/context/AuthContext.jsx#L6-L84
INT-002-BOLT-011;Middleware que bloquea usuarios inactivos;backend/app/Http/Middleware/EnsureUsuarioActivo.php;Middleware;EnsureUsuarioActivo;ef38acb;2026-05-30;main;9-30;https://github.com/Keterod/siderae-blenkir/blob/ef38acb4f5d1753cf996192f8db472e9c548619a/backend/app/Http/Middleware/EnsureUsuarioActivo.php#L9-L30
INT-002-BOLT-012;API REST de gestión de usuarios (CRUD, activar, desactivar, restablecer contraseña);backend/app/Http/Controllers/Api/UsuarioController.php;Controller;UsuarioController;ef38acb;2026-05-30;main;15-160;https://github.com/Keterod/siderae-blenkir/blob/ef38acb4f5d1753cf996192f8db472e9c548619a/backend/app/Http/Controllers/Api/UsuarioController.php#L15-L160
INT-003-BOLT-001;Modelo Estudiante con relaciones y casts;backend/app/Models/Estudiante.php;Model;Estudiante;ef38acb;2026-05-30;main;24-71;https://github.com/Keterod/siderae-blenkir/blob/ef38acb4f5d1753cf996192f8db472e9c548619a/backend/app/Models/Estudiante.php#L24-L71
INT-003-BOLT-002;Controlador CRUD de estudiantes: index, store, show, update;backend/app/Http/Controllers/Api/EstudianteController.php;Controller;EstudianteController;961cb02;2026-06-03;main;13-120;https://github.com/Keterod/siderae-blenkir/blob/961cb02743744912bea05c5892bbe47c7cc9d950/backend/app/Http/Controllers/Api/EstudianteController.php#L13-L120
INT-003-BOLT-003;Reglas de validación para crear estudiante;backend/app/Http/Requests/StoreEstudianteRequest.php;FormRequest;StoreEstudianteRequest;ef38acb;2026-05-30;main;10-35;https://github.com/Keterod/siderae-blenkir/blob/ef38acb4f5d1753cf996192f8db472e9c548619a/backend/app/Http/Requests/StoreEstudianteRequest.php#L10-L35
INT-003-BOLT-004;Reglas de validación para actualizar estudiante;backend/app/Http/Requests/UpdateEstudianteRequest.php;FormRequest;UpdateEstudianteRequest;ef38acb;2026-05-30;main;10-43;https://github.com/Keterod/siderae-blenkir/blob/ef38acb4f5d1753cf996192f8db472e9c548619a/backend/app/Http/Requests/UpdateEstudianteRequest.php#L10-L43
INT-003-BOLT-005;Factory de datos de prueba para estudiantes;backend/database/factories/EstudianteFactory.php;Factory;EstudianteFactory;7b02e62;2026-04-28;main;11-31;https://github.com/Keterod/siderae-blenkir/blob/7b02e62aacedda14b8646341bcaba06b96795150/backend/database/factories/EstudianteFactory.php#L11-L31
INT-003-BOLT-006;Tests de feature del CRUD y permisos de estudiantes;backend/tests/Feature/EstudianteTest.php;Test;EstudianteTest;ef38acb;2026-05-30;main;11-284;https://github.com/Keterod/siderae-blenkir/blob/ef38acb4f5d1753cf996192f8db472e9c548619a/backend/tests/Feature/EstudianteTest.php#L11-L284
INT-003-BOLT-007;Panel de gestión de estudiantes: listado, filtros, formulario y perfil;frontend/src/components/estudiantes/EstudiantesPanel.jsx;Component;EstudiantesPanel;6bdfcfd;2026-06-28;main;82-914;https://github.com/Keterod/siderae-blenkir/blob/6bdfcfd105735881a95f96bafe3b9912f4bbb1ce/frontend/src/components/estudiantes/EstudiantesPanel.jsx#L82-L914
INT-003-BOLT-008;Pestaña de datos académicos y socioeconómicos del perfil estudiantil;frontend/src/components/estudiantes/EstudiantePerfilDatos.jsx;Component;EstudiantePerfilDatos;6bdfcfd;2026-06-28;main;18-294;https://github.com/Keterod/siderae-blenkir/blob/6bdfcfd105735881a95f96bafe3b9912f4bbb1ce/frontend/src/components/estudiantes/EstudiantePerfilDatos.jsx#L18-L294
INT-003-BOLT-009;API client: funciones para estudiantes;frontend/src/lib/api.js;API Service;getEstudiantes / postEstudiante / putEstudiante;7b02e62;2026-04-28;main;1-50;https://github.com/Keterod/siderae-blenkir/blob/7b02e62aacedda14b8646341bcaba06b96795150/frontend/src/lib/api.js#L1-L50
INT-003-BOLT-010;Migración de la tabla estudiantes;backend/database/migrations/2026_04_23_024107_create_estudiantes_table.php;Migration;create_estudiantes_table;32af7be;2026-04-28;main;1-28;https://github.com/Keterod/siderae-blenkir/blob/32af7bec9741907cd159f303ac9ed201e146be0e/backend/database/migrations/2026_04_23_024107_create_estudiantes_table.php#L1-L28
INT-003-BOLT-011;Seeder de estudiantes demo curriculares;backend/database/seeders/DemoEstudiantesCurricularesSeeder.php;Seeder;DemoEstudiantesCurricularesSeeder;109ae5a;2026-05-27;main;1-100;https://github.com/Keterod/siderae-blenkir/blob/109ae5a475c898fc6dbf0fed02087a1ac0a20c7d/backend/database/seeders/DemoEstudiantesCurricularesSeeder.php#L1-L100
INT-003-BOLT-012;Tests para estudiantes de nivel Inicial;backend/tests/Feature/EstudianteInicialTest.php;Test;EstudianteInicialTest;ef38acb;2026-05-30;main;17-103;https://github.com/Keterod/siderae-blenkir/blob/ef38acb4f5d1753cf996192f8db472e9c548619a/backend/tests/Feature/EstudianteInicialTest.php#L17-L103
INT-004-BOLT-001;Modelo Eloquent Area;backend/app/Models/Curricular/Area.php;Model;Area;e910cb4;2026-05-24;main;10-13;https://github.com/Keterod/siderae-blenkir/blob/e910cb4d1766272411a12a942713034c1fcc4922/backend/app/Models/Curricular/Area.php#L10-L13
INT-004-BOLT-002;Modelo Eloquent Capacidad;backend/app/Models/Curricular/Capacidad.php;Model;Capacidad;e910cb4;2026-05-24;main;10-13;https://github.com/Keterod/siderae-blenkir/blob/e910cb4d1766272411a12a942713034c1fcc4922/backend/app/Models/Curricular/Capacidad.php#L10-L13
INT-004-BOLT-003;Modelo Eloquent Competencia;backend/app/Models/Curricular/Competencia.php;Model;Competencia;e910cb4;2026-05-24;main;11-14;https://github.com/Keterod/siderae-blenkir/blob/e910cb4d1766272411a12a942713034c1fcc4922/backend/app/Models/Curricular/Competencia.php#L11-L14
INT-004-BOLT-004;Modelo Eloquent MallaCurricular;backend/app/Models/Curricular/MallaCurricular.php;Model;MallaCurricular;e910cb4;2026-05-24;main;11-14;https://github.com/Keterod/siderae-blenkir/blob/e910cb4d1766272411a12a942713034c1fcc4922/backend/app/Models/Curricular/MallaCurricular.php#L11-L14
INT-004-BOLT-005;Modelo Eloquent MallaCurso;backend/app/Models/Curricular/MallaCurso.php;Model;MallaCurso;e910cb4;2026-05-24;main;11-14;https://github.com/Keterod/siderae-blenkir/blob/e910cb4d1766272411a12a942713034c1fcc4922/backend/app/Models/Curricular/MallaCurso.php#L11-L14
INT-004-BOLT-006;Modelo Eloquent PeriodoAcademico;backend/app/Models/Curricular/PeriodoAcademico.php;Model;PeriodoAcademico;e910cb4;2026-05-24;main;21-24;https://github.com/Keterod/siderae-blenkir/blob/e910cb4d1766272411a12a942713034c1fcc4922/backend/app/Models/Curricular/PeriodoAcademico.php#L21-L24
INT-004-BOLT-007;Controlador API MallaCurricularController;backend/app/Http/Controllers/Api/Curricular/MallaCurricularController.php;Controller;MallaCurricularController;e910cb4;2026-05-24;main;15-140;https://github.com/Keterod/siderae-blenkir/blob/e910cb4d1766272411a12a942713034c1fcc4922/backend/app/Http/Controllers/Api/Curricular/MallaCurricularController.php#L15-L140
INT-004-BOLT-008;Controlador API CompetenciaCapacidadController;backend/app/Http/Controllers/Api/Curricular/CompetenciaCapacidadController.php;Controller;CompetenciaCapacidadController;129a58b;2026-05-30;main;16-151;https://github.com/Keterod/siderae-blenkir/blob/129a58b92516f32c8803516d2de792cb7f928e10/backend/app/Http/Controllers/Api/Curricular/CompetenciaCapacidadController.php#L16-L151
INT-004-BOLT-009;Controlador API CatalogoCurricularController;backend/app/Http/Controllers/Api/Curricular/CatalogoCurricularController.php;Controller;CatalogoCurricularController;e910cb4;2026-05-24;main;16-102;https://github.com/Keterod/siderae-blenkir/blob/e910cb4d1766272411a12a942713034c1fcc4922/backend/app/Http/Controllers/Api/Curricular/CatalogoCurricularController.php#L16-L102
INT-004-BOLT-010;Controlador API SeccionAulaController;backend/app/Http/Controllers/Api/Curricular/SeccionAulaController.php;Controller;SeccionAulaController;9676d62;2026-05-31;main;15-125;https://github.com/Keterod/siderae-blenkir/blob/9676d623349583640aed1b0627b3ff5c1c3175b4/backend/app/Http/Controllers/Api/Curricular/SeccionAulaController.php#L15-L125
INT-004-BOLT-011;Controlador API AnioEscolarController;backend/app/Http/Controllers/Api/Curricular/AnioEscolarController.php;Controller;AnioEscolarController;ef38acb;2026-05-30;main;15-83;https://github.com/Keterod/siderae-blenkir/blob/ef38acb4f5d1753cf996192f8db472e9c548619a/backend/app/Http/Controllers/Api/Curricular/AnioEscolarController.php#L15-L83
INT-004-BOLT-012;Panel de malla curricular en frontend;frontend/src/components/curricular/MallaCurricularPanel.jsx;Component;MallaCurricularPanel;e910cb4;2026-05-24;main;1-322;https://github.com/Keterod/siderae-blenkir/blob/e910cb4d1766272411a12a942713034c1fcc4922/frontend/src/components/curricular/MallaCurricularPanel.jsx#L1-L322
INT-005-BOLT-001;Modelo Eloquent Nota legacy;backend/app/Models/Nota.php;Model;Nota;6189743;2026-04-28;main;11-31;https://github.com/Keterod/siderae-blenkir/blob/61897439919abd83cf1f2854bd4ab03aed43bfde/backend/app/Models/Nota.php#L11-L31
INT-005-BOLT-002;Controlador API NotaController;backend/app/Http/Controllers/Api/NotaController.php;Controller;NotaController;6189743;2026-04-28;main;11-54;https://github.com/Keterod/siderae-blenkir/blob/61897439919abd83cf1f2854bd4ab03aed43bfde/backend/app/Http/Controllers/Api/NotaController.php#L11-L54
INT-005-BOLT-003;Controlador API NotaBatchController;backend/app/Http/Controllers/Api/NotaBatchController.php;Controller;NotaBatchController;baf14f7;2026-05-06;main;11-80;https://github.com/Keterod/siderae-blenkir/blob/baf14f742e91969c43e46d68d7d1713bb8363fe0/backend/app/Http/Controllers/Api/NotaBatchController.php#L11-L80
INT-005-BOLT-004;Modelo Eloquent NotaSemanal;backend/app/Models/Curricular/NotaSemanal.php;Model;NotaSemanal;e910cb4;2026-05-24;main;11-14;https://github.com/Keterod/siderae-blenkir/blob/e910cb4d1766272411a12a942713034c1fcc4922/backend/app/Models/Curricular/NotaSemanal.php#L11-L14
INT-005-BOLT-005;Controlador API NotaSemanalController;backend/app/Http/Controllers/Api/Curricular/NotaSemanalController.php;Controller;NotaSemanalController;e910cb4;2026-05-24;main;15-180;https://github.com/Keterod/siderae-blenkir/blob/e910cb4d1766272411a12a942713034c1fcc4922/backend/app/Http/Controllers/Api/Curricular/NotaSemanalController.php#L15-L180
INT-005-BOLT-006;Servicio NotaSemanalBulkService;backend/app/Services/Curricular/NotaSemanalBulkService.php;Service;NotaSemanalBulkService;e910cb4;2026-05-24;main;15-200;https://github.com/Keterod/siderae-blenkir/blob/e910cb4d1766272411a12a942713034c1fcc4922/backend/app/Services/Curricular/NotaSemanalBulkService.php#L15-L200
INT-005-BOLT-007;Controlador API EvaluacionBimestralController;backend/app/Http/Controllers/Api/Curricular/EvaluacionBimestralController.php;Controller;EvaluacionBimestralController;d38a0f5;2026-05-26;main;15-220;https://github.com/Keterod/siderae-blenkir/blob/d38a0f5e9a2427b73ba082931a6d9896d0f64728/backend/app/Http/Controllers/Api/Curricular/EvaluacionBimestralController.php#L15-L220
INT-005-BOLT-008;Servicio EvaluacionBimestralBulkService;backend/app/Services/Curricular/EvaluacionBimestral/EvaluacionBimestralBulkService.php;Service;EvaluacionBimestralBulkService;d38a0f5;2026-05-26;main;15-180;https://github.com/Keterod/siderae-blenkir/blob/d38a0f5e9a2427b73ba082931a6d9896d0f64728/backend/app/Services/Curricular/EvaluacionBimestral/EvaluacionBimestralBulkService.php#L15-L180
INT-005-BOLT-009;Servicio NivelLogroBimestralService;backend/app/Services/Curricular/EvaluacionBimestral/NivelLogroBimestralService.php;Service;NivelLogroBimestralService;d38a0f5;2026-05-26;main;15-120;https://github.com/Keterod/siderae-blenkir/blob/d38a0f5e9a2427b73ba082931a6d9896d0f64728/backend/app/Services/Curricular/EvaluacionBimestral/NivelLogroBimestralService.php#L15-L120
INT-005-BOLT-010;Panel de registro de notas semanales en frontend;frontend/src/components/curricular/RegistroNotasSemanalesPanel.jsx;Component;RegistroNotasSemanalesPanel;e910cb4;2026-05-24;main;1-412;https://github.com/Keterod/siderae-blenkir/blob/e910cb4d1766272411a12a942713034c1fcc4922/frontend/src/components/curricular/RegistroNotasSemanalesPanel.jsx#L1-L412
INT-005-BOLT-011;Panel de notas masivas legacy;frontend/src/components/academico/NotasMasivasPanel.jsx;Component;NotasMasivasPanel;baf14f7;2026-05-06;main;1-336;https://github.com/Keterod/siderae-blenkir/blob/baf14f742e91969c43e46d68d7d1713bb8363fe0/frontend/src/components/academico/NotasMasivasPanel.jsx#L1-L336
INT-005-BOLT-012;Tests de datos académicos (notas, asistencia, variables);backend/tests/Feature/DatosAcademicosTest.php;Test;DatosAcademicosTest;6189743;2026-04-28;main;16-622;https://github.com/Keterod/siderae-blenkir/blob/61897439919abd83cf1f2854bd4ab03aed43bfde/backend/tests/Feature/DatosAcademicosTest.php#L16-L622
INT-006-BOLT-001;Servicio PlantillaRegistroAuxiliarExcelService;backend/app/Services/Curricular/PlantillaRegistroAuxiliarExcelService.php;Service;PlantillaRegistroAuxiliarExcelService;495379e;2026-05-26;main;15-80;https://github.com/Keterod/siderae-blenkir/blob/495379e5670d4dc79e2839586f9e885a396f211a/backend/app/Services/Curricular/PlantillaRegistroAuxiliarExcelService.php#L15-L80
INT-006-BOLT-002;Servicio PlantillaRegistroAuxiliarAulaExcelService;backend/app/Services/Curricular/PlantillaRegistroAuxiliarAulaExcelService.php;Service;PlantillaRegistroAuxiliarAulaExcelService;2966433;2026-05-31;main;15-100;https://github.com/Keterod/siderae-blenkir/blob/296643324c864c078e96ba1f86209d6a9395111b/backend/app/Services/Curricular/PlantillaRegistroAuxiliarAulaExcelService.php#L15-L100
INT-006-BOLT-003;Servicio ImportPlantillaRegistroAuxiliarService;backend/app/Services/Curricular/ImportPlantillaRegistroAuxiliarService.php;Service;ImportPlantillaRegistroAuxiliarService;2966433;2026-05-31;main;15-120;https://github.com/Keterod/siderae-blenkir/blob/296643324c864c078e96ba1f86209d6a9395111b/backend/app/Services/Curricular/ImportPlantillaRegistroAuxiliarService.php#L15-L120
INT-006-BOLT-004;Request de validación ExcelAulaRequest;backend/app/Http/Requests/Curricular/ExcelAulaRequest.php;FormRequest;ExcelAulaRequest;fdef470;2026-06-04;main;7-25;https://github.com/Keterod/siderae-blenkir/blob/fdef470fbd1e2ab32a289ac141657d4d6c9fb20a/backend/app/Http/Requests/Curricular/ExcelAulaRequest.php#L7-L25
INT-006-BOLT-005;Request de validación ImportPlantillaNotasSemanalesRequest;backend/app/Http/Requests/Curricular/ImportPlantillaNotasSemanalesRequest.php;FormRequest;ImportPlantillaNotasSemanalesRequest;2966433;2026-05-31;main;7-30;https://github.com/Keterod/siderae-blenkir/blob/296643324c864c078e96ba1f86209d6a9395111b/backend/app/Http/Requests/Curricular/ImportPlantillaNotasSemanalesRequest.php#L7-L30
INT-006-BOLT-006;Panel de Excel por aula en frontend;frontend/src/components/curricular/ExcelPorAulaPanel.jsx;Component;ExcelPorAulaPanel;fdef470;2026-06-04;main;1-200;https://github.com/Keterod/siderae-blenkir/blob/fdef470fbd1e2ab32a289ac141657d4d6c9fb20a/frontend/src/components/curricular/ExcelPorAulaPanel.jsx#L1-L200
INT-006-BOLT-007;Sanitizer de nombres de hojas Excel;backend/app/Support/ExcelSheetNameSanitizer.php;Support;ExcelSheetNameSanitizer;fdef470;2026-06-04;main;1-30;https://github.com/Keterod/siderae-blenkir/blob/fdef470fbd1e2ab32a289ac141657d4d6c9fb20a/backend/app/Support/ExcelSheetNameSanitizer.php#L1-L30
INT-006-BOLT-008;Controlador API NotaSemanalController exportar plantilla;backend/app/Http/Controllers/Api/Curricular/NotaSemanalController.php;Controller;descargarPlantilla / importarPlantilla;495379e;2026-05-26;main;15-180;https://github.com/Keterod/siderae-blenkir/blob/495379e5670d4dc79e2839586f9e885a396f211a/backend/app/Http/Controllers/Api/Curricular/NotaSemanalController.php#L15-L180
INT-006-BOLT-009;Tests de Excel por aula;backend/tests/Feature/Curricular/ExcelAulaTest.php;Test;ExcelAulaTest;fdef470;2026-06-04;main;12-181;https://github.com/Keterod/siderae-blenkir/blob/fdef470fbd1e2ab32a289ac141657d4d6c9fb20a/backend/tests/Feature/Curricular/ExcelAulaTest.php#L12-L181
INT-006-BOLT-010;Tests de plantilla registro auxiliar Excel;backend/tests/Feature/Curricular/PlantillaRegistroAuxiliarExcelTest.php;Test;PlantillaRegistroAuxiliarExcelTest;2966433;2026-05-31;main;28-1067;https://github.com/Keterod/siderae-blenkir/blob/296643324c864c078e96ba1f86209d6a9395111b/backend/tests/Feature/Curricular/PlantillaRegistroAuxiliarExcelTest.php#L28-L1067
INT-006-BOLT-011;Especificación E2E Cypress excel_import_export;frontend/cypress/e2e/excel_import_export.cy.js;Cypress E2E;excel_import_export.cy.js;9349f80;2026-06-24;main;1-48;https://github.com/Keterod/siderae-blenkir/blob/9349f80bda5f9dcc107050e2776ab52a41d9e096/frontend/cypress/e2e/excel_import_export.cy.js#L1-L48
INT-006-BOLT-012;Documentación de aula, notas y Excel;docs/aula-notas-excel.md;Documentación;aula-notas-excel.md;fe3cb9b;2026-06-09;main;1-249;https://github.com/Keterod/siderae-blenkir/blob/fe3cb9bd5a973d1da151277823aa9e691404ca2e/docs/aula-notas-excel.md#L1-L249
INT-007-BOLT-001;Modelo Eloquent Asistencia legacy;backend/app/Models/Asistencia.php;Model;Asistencia;6189743;2026-04-28;main;11-35;https://github.com/Keterod/siderae-blenkir/blob/61897439919abd83cf1f2854bd4ab03aed43bfde/backend/app/Models/Asistencia.php#L11-L35
INT-007-BOLT-002;Controlador API AsistenciaController;backend/app/Http/Controllers/Api/AsistenciaController.php;Controller;AsistenciaController;6189743;2026-04-28;main;11-54;https://github.com/Keterod/siderae-blenkir/blob/61897439919abd83cf1f2854bd4ab03aed43bfde/backend/app/Http/Controllers/Api/AsistenciaController.php#L11-L54
INT-007-BOLT-003;Controlador API AsistenciaBatchController;backend/app/Http/Controllers/Api/AsistenciaBatchController.php;Controller;AsistenciaBatchController;baf14f7;2026-05-06;main;11-80;https://github.com/Keterod/siderae-blenkir/blob/baf14f742e91969c43e46d68d7d1713bb8363fe0/backend/app/Http/Controllers/Api/AsistenciaBatchController.php#L11-L80
INT-007-BOLT-004;Modelo Eloquent AsistenciaDiaria;backend/app/Models/Curricular/AsistenciaDiaria.php;Model;AsistenciaDiaria;ef38acb;2026-05-30;main;11-14;https://github.com/Keterod/siderae-blenkir/blob/ef38acb4f5d1753cf996192f8db472e9c548619a/backend/app/Models/Curricular/AsistenciaDiaria.php#L11-L14
INT-007-BOLT-005;Controlador API AsistenciaDiariaController;backend/app/Http/Controllers/Api/Curricular/AsistenciaDiariaController.php;Controller;AsistenciaDiariaController;ef38acb;2026-05-30;main;15-160;https://github.com/Keterod/siderae-blenkir/blob/ef38acb4f5d1753cf996192f8db472e9c548619a/backend/app/Http/Controllers/Api/Curricular/AsistenciaDiariaController.php#L15-L160
INT-007-BOLT-006;Servicio AsistenciaDiariaBulkService;backend/app/Services/Curricular/AsistenciaDiariaBulkService.php;Service;AsistenciaDiariaBulkService;ef38acb;2026-05-30;main;15-180;https://github.com/Keterod/siderae-blenkir/blob/ef38acb4f5d1753cf996192f8db472e9c548619a/backend/app/Services/Curricular/AsistenciaDiariaBulkService.php#L15-L180
INT-007-BOLT-007;Servicio AsistenciaDiariaResumenService;backend/app/Services/Curricular/AsistenciaDiariaResumenService.php;Service;AsistenciaDiariaResumenService;ef38acb;2026-05-30;main;15-100;https://github.com/Keterod/siderae-blenkir/blob/ef38acb4f5d1753cf996192f8db472e9c548619a/backend/app/Services/Curricular/AsistenciaDiariaResumenService.php#L15-L100
INT-007-BOLT-008;Panel de asistencia masiva legacy;frontend/src/components/academico/AsistenciaMasivaPanel.jsx;Component;AsistenciaMasivaPanel;baf14f7;2026-05-06;main;1-297;https://github.com/Keterod/siderae-blenkir/blob/baf14f742e91969c43e46d68d7d1713bb8363fe0/frontend/src/components/academico/AsistenciaMasivaPanel.jsx#L1-L297
INT-007-BOLT-009;Panel de asistencia curricular en frontend;frontend/src/components/curricular/asistencia/AsistenciaCurricularPanel.jsx;Component;AsistenciaCurricularPanel;ef38acb;2026-05-30;main;1-200;https://github.com/Keterod/siderae-blenkir/blob/ef38acb4f5d1753cf996192f8db472e9c548619a/frontend/src/components/curricular/asistencia/AsistenciaCurricularPanel.jsx#L1-L200
INT-007-BOLT-010;Tests de asistencia diaria;backend/tests/Feature/Curricular/AsistenciaDiariaTest.php;Test;AsistenciaDiariaTest;ef38acb;2026-05-30;main;17-400;https://github.com/Keterod/siderae-blenkir/blob/ef38acb4f5d1753cf996192f8db472e9c548619a/backend/tests/Feature/Curricular/AsistenciaDiariaTest.php#L17-L400
INT-007-BOLT-011;Especificación E2E Cypress asistencia_registro;frontend/cypress/e2e/asistencia_registro.cy.js;Cypress E2E;asistencia_registro.cy.js;9349f80;2026-06-24;main;1-63;https://github.com/Keterod/siderae-blenkir/blob/9349f80bda5f9dcc107050e2776ab52a41d9e096/frontend/cypress/e2e/asistencia_registro.cy.js#L1-L63
INT-007-BOLT-012;Resumen de asistencia curricular en perfil estudiante;frontend/src/components/estudiantes/ResumenAsistenciaCurricular.jsx;Component;ResumenAsistenciaCurricular;ef38acb;2026-05-30;main;1-73;https://github.com/Keterod/siderae-blenkir/blob/ef38acb4f5d1753cf996192f8db472e9c548619a/frontend/src/components/estudiantes/ResumenAsistenciaCurricular.jsx#L1-L73
INT-008-BOLT-001;Modelo de ítem ETA de evaluación bimestral;backend/app/Models/Curricular/EvalBimEtaItem.php;Model;EvalBimEtaItem;d38a0f5;2026-05-26;main;17-38;https://github.com/Keterod/siderae-blenkir/blob/d38a0f5e9a2427b73ba082931a6d9896d0f64728/backend/app/Models/Curricular/EvalBimEtaItem.php#L17-L38
INT-008-BOLT-002;Modelo de nota vinculada a ítems ETA;backend/app/Models/Curricular/EvalBimNotaEta.php;Model;EvalBimNotaEta;d38a0f5;2026-05-26;main;17-42;https://github.com/Keterod/siderae-blenkir/blob/d38a0f5e9a2427b73ba082931a6d9896d0f64728/backend/app/Models/Curricular/EvalBimNotaEta.php#L17-L42
INT-008-BOLT-003;Modelo de nota escalar bimestral;backend/app/Models/Curricular/EvalBimNotaScalar.php;Model;EvalBimNotaScalar;d38a0f5;2026-05-26;main;17-42;https://github.com/Keterod/siderae-blenkir/blob/d38a0f5e9a2427b73ba082931a6d9896d0f64728/backend/app/Models/Curricular/EvalBimNotaScalar.php#L17-L42
INT-008-BOLT-004;Servicio EtaParticipacionPorAulaService;backend/app/Services/Curricular/EvaluacionBimestral/EtaParticipacionPorAulaService.php;Service;EtaParticipacionPorAulaService;d38a0f5;2026-05-26;main;10-104;https://github.com/Keterod/siderae-blenkir/blob/d38a0f5e9a2427b73ba082931a6d9896d0f64728/backend/app/Services/Curricular/EvaluacionBimestral/EtaParticipacionPorAulaService.php#L10-L104
INT-008-BOLT-005;Servicio PromedioEtaService;backend/app/Services/Curricular/EvaluacionBimestral/PromedioEtaService.php;Service;PromedioEtaService;d38a0f5;2026-05-26;main;9-57;https://github.com/Keterod/siderae-blenkir/blob/d38a0f5e9a2427b73ba082931a6d9896d0f64728/backend/app/Services/Curricular/EvaluacionBimestral/PromedioEtaService.php#L9-L57
INT-008-BOLT-006;Request StoreEvalBimEtaRequest;backend/app/Http/Requests/Curricular/StoreEvalBimEtaRequest.php;FormRequest;StoreEvalBimEtaRequest;d38a0f5;2026-05-26;main;7-25;https://github.com/Keterod/siderae-blenkir/blob/d38a0f5e9a2427b73ba082931a6d9896d0f64728/backend/app/Http/Requests/Curricular/StoreEvalBimEtaRequest.php#L7-L25
INT-008-BOLT-007;Request UpdateEvalBimEtaRequest;backend/app/Http/Requests/Curricular/UpdateEvalBimEtaRequest.php;FormRequest;UpdateEvalBimEtaRequest;d38a0f5;2026-05-26;main;7-26;https://github.com/Keterod/siderae-blenkir/blob/d38a0f5e9a2427b73ba082931a6d9896d0f64728/backend/app/Http/Requests/Curricular/UpdateEvalBimEtaRequest.php#L7-L26
INT-008-BOLT-008;Migración create_eval_bimestral_tables;backend/database/migrations/2026_05_26_100000_create_eval_bimestral_tables.php;Migration;create_eval_bimestral_tables;d38a0f5;2026-05-26;main;1-131;https://github.com/Keterod/siderae-blenkir/blob/d38a0f5e9a2427b73ba082931a6d9896d0f64728/backend/database/migrations/2026_05_26_100000_create_eval_bimestral_tables.php#L1-L131
INT-008-BOLT-009;Tests EvaluacionBimestralTest;backend/tests/Feature/Curricular/EvaluacionBimestralTest.php;Test;EvaluacionBimestralTest;d38a0f5;2026-05-26;main;20-310;https://github.com/Keterod/siderae-blenkir/blob/d38a0f5e9a2427b73ba082931a6d9896d0f64728/backend/tests/Feature/Curricular/EvaluacionBimestralTest.php#L20-L310
INT-008-BOLT-010;Componente EvaluacionBimestralTable frontend;frontend/src/components/curricular/notas/bimestral/EvaluacionBimestralTable.jsx;Component;EvaluacionBimestralTable;d38a0f5;2026-05-26;main;1-107;https://github.com/Keterod/siderae-blenkir/blob/d38a0f5e9a2427b73ba082931a6d9896d0f64728/frontend/src/components/curricular/notas/bimestral/EvaluacionBimestralTable.jsx#L1-L107
INT-008-BOLT-011;Componente EvalBimInputCell frontend;frontend/src/components/curricular/notas/bimestral/EvalBimInputCell.jsx;Component;EvalBimInputCell;d38a0f5;2026-05-26;main;1-8;https://github.com/Keterod/siderae-blenkir/blob/d38a0f5e9a2427b73ba082931a6d9896d0f64728/frontend/src/components/curricular/notas/bimestral/EvalBimInputCell.jsx#L1-L8
INT-008-BOLT-012;Nota: Fast Test fue retirado del cálculo de riesgo en commit 57faaf1;docs/metodologia/planes-ai-dlc/plan-rf06-variables-riesgo-v1.md;Documentación;Plan RF06 variables riesgo (sin Fast Test);57faaf1;2026-06-23;main;1-225;https://github.com/Keterod/siderae-blenkir/blob/57faaf17ee4611207d1a64661d0ee20401fdeb7b/docs/metodologia/planes-ai-dlc/plan-rf06-variables-riesgo-v1.md#L1-L225
INT-009-BOLT-001;Modelo de reportes conductuales RF-04;backend/app/Models/ReporteConductual.php;Model;ReporteConductual;a01dddf;2026-06-10;main;20-49;https://github.com/Keterod/siderae-blenkir/blob/a01dddf92f47cbab90b85101700604652a4f9b13/backend/app/Models/ReporteConductual.php#L20-L49
INT-009-BOLT-002;Controlador API de reportes conductuales (listado, registro, anulación);backend/app/Http/Controllers/Api/ReporteConductualController.php;Controller;ReporteConductualController;a01dddf;2026-06-10;main;12-103;https://github.com/Keterod/siderae-blenkir/blob/a01dddf92f47cbab90b85101700604652a4f9b13/backend/app/Http/Controllers/Api/ReporteConductualController.php#L12-L103
INT-009-BOLT-003;Request de validación StoreReporteConductualRequest;backend/app/Http/Requests/StoreReporteConductualRequest.php;FormRequest;StoreReporteConductualRequest;a01dddf;2026-06-10;main;7-27;https://github.com/Keterod/siderae-blenkir/blob/a01dddf92f47cbab90b85101700604652a4f9b13/backend/app/Http/Requests/StoreReporteConductualRequest.php#L7-L27
INT-009-BOLT-004;Tests de feature para reportes conductuales;backend/tests/Feature/ReporteConductualTest.php;Test;ReporteConductualTest;a01dddf;2026-06-10;main;12-242;https://github.com/Keterod/siderae-blenkir/blob/a01dddf92f47cbab90b85101700604652a4f9b13/backend/tests/Feature/ReporteConductualTest.php#L12-L242
INT-009-BOLT-005;Componente de perfil estudiante para listar y registrar reportes conductuales;frontend/src/components/estudiantes/EstudiantePerfilReportesConductuales.jsx;Component;EstudiantePerfilReportesConductuales;a01dddf;2026-06-10;main;78-401;https://github.com/Keterod/siderae-blenkir/blob/a01dddf92f47cbab90b85101700604652a4f9b13/frontend/src/components/estudiantes/EstudiantePerfilReportesConductuales.jsx#L78-L401
INT-009-BOLT-006;API client funciones reportes conductuales;frontend/src/lib/api.js;API Service;getReportesConductuales / postReporteConductual / patchAnularReporteConductual;a01dddf;2026-06-10;main;307-322;https://github.com/Keterod/siderae-blenkir/blob/a01dddf92f47cbab90b85101700604652a4f9b13/frontend/src/lib/api.js#L307-L322
INT-009-BOLT-007;Permisos RF04 en PermissionsSeeder;backend/database/seeders/PermissionsSeeder.php;Seeder;ver_reportes_conductuales / registrar_reportes_conductuales;0e429f9;2026-06-10;main;42-45;https://github.com/Keterod/siderae-blenkir/blob/0e429f94d6eac190100392d314746e05b3266ba8/backend/database/seeders/PermissionsSeeder.php#L42-L45
INT-009-BOLT-008;Migración add_estado_to_reportes_conductuales;backend/database/migrations/2026_06_10_000001_add_estado_to_reportes_conductuales_table.php;Migration;add_estado_to_reportes_conductuales;a01dddf;2026-06-10;main;1-25;https://github.com/Keterod/siderae-blenkir/blob/a01dddf92f47cbab90b85101700604652a4f9b13/backend/database/migrations/2026_06_10_000001_add_estado_to_reportes_conductuales_table.php#L1-L25
INT-009-BOLT-009;Especificación E2E Cypress rf04-reportes-conductuales;frontend/cypress/e2e/rf04-reportes-conductuales.cy.js;Cypress E2E;rf04-reportes-conductuales.cy.js;71fc58d;2026-06-17;main;1-60;https://github.com/Keterod/siderae-blenkir/blob/71fc58dd4d852df5becece8b81734fa72ea22cf3/frontend/cypress/e2e/rf04-reportes-conductuales.cy.js#L1-L60
INT-009-BOLT-010;Smoke manual RF-04;docs/pruebas/smoke-rf04-reportes-conductuales.md;Documentación;smoke-rf04-reportes-conductuales.md;a01dddf;2026-06-10;main;1-54;https://github.com/Keterod/siderae-blenkir/blob/a01dddf92f47cbab90b85101700604652a4f9b13/docs/pruebas/smoke-rf04-reportes-conductuales.md#L1-L54
INT-009-BOLT-011;Plan AI-DLC RF-04;docs/metodologia/planes-ai-dlc/plan-rf-04-reportes-conductuales.md;Documentación;plan-rf-04-reportes-conductuales.md;0e429f9;2026-06-10;main;1-358;https://github.com/Keterod/siderae-blenkir/blob/0e429f94d6eac190100392d314746e05b3266ba8/docs/metodologia/planes-ai-dlc/plan-rf-04-reportes-conductuales.md#L1-L358
INT-009-BOLT-012;Rutas API reportes conductuales;backend/routes/api.php;Route;GET / POST / PATCH reportes-conductuales;a01dddf;2026-06-10;main;125-132;https://github.com/Keterod/siderae-blenkir/blob/a01dddf92f47cbab90b85101700604652a4f9b13/backend/routes/api.php#L125-L132
INT-010-BOLT-001;Modelo de variables socioeconómicas (VSE);backend/app/Models/VariableSocioeconomica.php;Model;VariableSocioeconomica;6189743;2026-04-28;main;17-33;https://github.com/Keterod/siderae-blenkir/blob/61897439919abd83cf1f2854bd4ab03aed43bfde/backend/app/Models/VariableSocioeconomica.php#L17-L33
INT-010-BOLT-002;Controlador API legacy de variables socioeconómicas;backend/app/Http/Controllers/Api/VariableSocioeconomicaController.php;Controller;VariableSocioeconomicaController;ab2f530;2026-05-05;main;11-54;https://github.com/Keterod/siderae-blenkir/blob/ab2f530fd3965760c841b472d656c4feef9d53b6/backend/app/Http/Controllers/Api/VariableSocioeconomicaController.php#L11-L54
INT-010-BOLT-003;Request StoreVariableSocioeconomicaRequest;backend/app/Http/Requests/StoreVariableSocioeconomicaRequest.php;FormRequest;StoreVariableSocioeconomicaRequest;6189743;2026-04-28;main;8-25;https://github.com/Keterod/siderae-blenkir/blob/61897439919abd83cf1f2854bd4ab03aed43bfde/backend/app/Http/Requests/StoreVariableSocioeconomicaRequest.php#L8-L25
INT-010-BOLT-004;Componente de datos del estudiante incluyendo pestaña VSE;frontend/src/components/estudiantes/EstudiantePerfilDatos.jsx;Component;EstudiantePerfilDatos;6bdfcfd;2026-06-28;main;18-294;https://github.com/Keterod/siderae-blenkir/blob/6bdfcfd105735881a95f96bafe3b9912f4bbb1ce/frontend/src/components/estudiantes/EstudiantePerfilDatos.jsx#L18-L294
INT-010-BOLT-005;Migración create_variables_socioeconomicas_table;backend/database/migrations/2026_04_23_024319_create_variables_socioeconomicas_table.php;Migration;create_variables_socioeconomicas_table;32af7be;2026-04-28;main;1-22;https://github.com/Keterod/siderae-blenkir/blob/32af7bec9741907cd159f303ac9ed201e146be0e/backend/database/migrations/2026_04_23_024319_create_variables_socioeconomicas_table.php#L1-L22
INT-010-BOLT-006;API client funciones variables socioeconómicas;frontend/src/lib/api.js;API Service;getVariablesSocioeconomicas / postVariableSocioeconomica;6189743;2026-04-28;main;250-270;https://github.com/Keterod/siderae-blenkir/blob/61897439919abd83cf1f2854bd4ab03aed43bfde/frontend/src/lib/api.js#L250-L270
INT-010-BOLT-007;Tests DatosAcademicosTest incluye VSE;backend/tests/Feature/DatosAcademicosTest.php;Test;DatosAcademicosTest;6189743;2026-04-28;main;16-622;https://github.com/Keterod/siderae-blenkir/blob/61897439919abd83cf1f2854bd4ab03aed43bfde/backend/tests/Feature/DatosAcademicosTest.php#L16-L622
INT-010-BOLT-008;Nota: VSE retirada del cálculo de riesgo en commit 57faaf1;docs/metodologia/planes-ai-dlc/plan-rf06-variables-riesgo-v1.md;Documentación;Plan RF06 - VSE retirada;57faaf1;2026-06-23;main;1-225;https://github.com/Keterod/siderae-blenkir/blob/57faaf17ee4611207d1a64661d0ee20401fdeb7b/docs/metodologia/planes-ai-dlc/plan-rf06-variables-riesgo-v1.md#L1-L225
INT-010-BOLT-009;Sin evidencia técnica encontrada en repositorio;;;;;;;
INT-010-BOLT-010;Sin evidencia técnica encontrada en repositorio;;;;;;;
INT-010-BOLT-011;Sin evidencia técnica encontrada en repositorio;;;;;;;
INT-010-BOLT-012;Sin evidencia técnica encontrada en repositorio;;;;;;;
INT-011-BOLT-001;Servicio de cálculo de riesgo académico RF-06;backend/app/Services/RiesgoAcademicoService.php;Service;RiesgoAcademicoService;c66c496;2026-06-23;main;18-318;https://github.com/Keterod/siderae-blenkir/blob/c66c4960646e0202f42658b437548c824352133c/backend/app/Services/RiesgoAcademicoService.php#L18-L318
INT-011-BOLT-002;Modelo de índices de riesgo académico;backend/app/Models/IndiceRiesgo.php;Model;IndiceRiesgo;abdfaf5;2026-04-29;main;19-54;https://github.com/Keterod/siderae-blenkir/blob/abdfaf5b26ad59891021d282da4ac37634a96adc/backend/app/Models/IndiceRiesgo.php#L19-L54
INT-011-BOLT-003;Controlador API para procesar y actualizar el riesgo académico;backend/app/Http/Controllers/Api/ProcesarRiesgoController.php;Controller;ProcesarRiesgoController;ef38acb;2026-05-30;main;13-86;https://github.com/Keterod/siderae-blenkir/blob/ef38acb4f5d1753cf996192f8db472e9c548619a/backend/app/Http/Controllers/Api/ProcesarRiesgoController.php#L13-L86
INT-011-BOLT-004;Cliente PHP hacia el microservicio Flask de riesgo;backend/app/Services/MlRiskService.php;Service;MlRiskService;8590b2f;2026-04-29;main;9-52;https://github.com/Keterod/siderae-blenkir/blob/8590b2f76994e10e022dfbaa6ad7ee7aed118a3f/backend/app/Services/MlRiskService.php#L9-L52
INT-011-BOLT-005;Modelo de alertas generadas post-procesamiento de riesgo;backend/app/Models/Alerta.php;Model;Alerta;abdfaf5;2026-04-29;main;20-78;https://github.com/Keterod/siderae-blenkir/blob/abdfaf5b26ad59891021d282da4ac37634a96adc/backend/app/Models/Alerta.php#L20-L78
INT-011-BOLT-006;Comando demo:procesar-riesgos para ejecución masiva;backend/routes/commands/demo_procesar_riesgos.php;Command;demo:procesar-riesgos;65090e0;2026-05-06;main;9-115;https://github.com/Keterod/siderae-blenkir/blob/65090e0fac243c1bb2cbf94e2372bc2b437e90c2/backend/routes/commands/demo_procesar_riesgos.php#L9-L115
INT-011-BOLT-007;Componente de perfil estudiante para mostrar y procesar riesgo académico;frontend/src/components/estudiantes/EstudiantePerfilRiesgo.jsx;Component;EstudiantePerfilRiesgo;408d6ff;2026-06-24;main;37-180;https://github.com/Keterod/siderae-blenkir/blob/408d6fff59aa79066167bce5a54da5f2a2790995/frontend/src/components/estudiantes/EstudiantePerfilRiesgo.jsx#L37-L180
INT-011-BOLT-008;Tests de feature RiesgoTest;backend/tests/Feature/RiesgoTest.php;Test;RiesgoTest;c66c496;2026-06-23;main;18-405;https://github.com/Keterod/siderae-blenkir/blob/c66c4960646e0202f42658b437548c824352133c/backend/tests/Feature/RiesgoTest.php#L18-L405
INT-011-BOLT-009;Support RiesgoCurricularFixtures;backend/tests/Support/RiesgoCurricularFixtures.php;Test Support;RiesgoCurricularFixtures;c66c496;2026-06-23;main;1-243;https://github.com/Keterod/siderae-blenkir/blob/c66c4960646e0202f42658b437548c824352133c/backend/tests/Support/RiesgoCurricularFixtures.php#L1-L243
INT-011-BOLT-010;Plan AI-DLC RF-06 variables riesgo;docs/metodologia/planes-ai-dlc/plan-rf06-variables-riesgo-v1.md;Documentación;plan-rf06-variables-riesgo-v1.md;c66c496;2026-06-23;main;1-225;https://github.com/Keterod/siderae-blenkir/blob/c66c4960646e0202f42658b437548c824352133c/docs/metodologia/planes-ai-dlc/plan-rf06-variables-riesgo-v1.md#L1-L225
INT-011-BOLT-011;Diagnóstico RF06 variables riesgo;docs/metodologia/planes-ai-dlc/diagnostico-rf06-variables-riesgo.md;Documentación;diagnostico-rf06-variables-riesgo.md;8ec0f01;2026-06-23;main;1-192;https://github.com/Keterod/siderae-blenkir/blob/8ec0f01397b6e3a0ab4c4ebf583e5cbb5222778c/docs/metodologia/planes-ai-dlc/diagnostico-rf06-variables-riesgo.md#L1-L192
INT-011-BOLT-012;Rutas API procesar riesgo;backend/routes/api.php;Route;POST /api/estudiantes/{estudiante}/riesgo-academico;8590b2f;2026-04-29;main;16-17;https://github.com/Keterod/siderae-blenkir/blob/8590b2f76994e10e022dfbaa6ad7ee7aed118a3f/backend/routes/api.php#L16-L17
INT-012-BOLT-001;Servicio Flask determinístico endpoint /predict;ml-service/main.py;Script;predict;6bdfcfd;2026-06-28;main;28-114;https://github.com/Keterod/siderae-blenkir/blob/6bdfcfd105735881a95f96bafe3b9912f4bbb1ce/ml-service/main.py#L28-L114
INT-012-BOLT-002;Imagen Docker del microservicio ML;ml-service/Dockerfile;Docker;Dockerfile;6bdfcfd;2026-06-28;main;1-8;https://github.com/Keterod/siderae-blenkir/blob/6bdfcfd105735881a95f96bafe3b9912f4bbb1ce/ml-service/Dockerfile#L1-L8
INT-012-BOLT-003;Dependencias Python del microservicio ML;ml-service/requirements.txt;Dependencies;requirements.txt;8590b2f;2026-04-29;main;1-1;https://github.com/Keterod/siderae-blenkir/blob/8590b2f76994e10e022dfbaa6ad7ee7aed118a3f/ml-service/requirements.txt#L1-L1
INT-012-BOLT-004;Variables de entorno de ejemplo del microservicio ML;ml-service/.env.example;Config;.env.example;99457e1;2026-05-02;main;1-2;https://github.com/Keterod/siderae-blenkir/blob/99457e1e72551cbc89a938b74ee6f7a74e88bf28/ml-service/.env.example#L1-L2
INT-012-BOLT-005;Cliente PHP hacia el microservicio Flask;backend/app/Services/MlRiskService.php;Service;MlRiskService;8590b2f;2026-04-29;main;9-52;https://github.com/Keterod/siderae-blenkir/blob/8590b2f76994e10e022dfbaa6ad7ee7aed118a3f/backend/app/Services/MlRiskService.php#L9-L52
INT-012-BOLT-006;Configuración de servicio ML en Laravel;backend/config/services.php;Config;ml config;8590b2f;2026-04-29;main;1-50;https://github.com/Keterod/siderae-blenkir/blob/8590b2f76994e10e022dfbaa6ad7ee7aed118a3f/backend/config/services.php#L1-L50
INT-012-BOLT-007;Contexto ML Service Flask;docs/arquitectura/contexto-ml-service-flask.md;Documentación;contexto-ml-service-flask.md;5b2ac93;2026-05-05;main;1-56;https://github.com/Keterod/siderae-blenkir/blob/5b2ac93d844bb6d1800a2055247839465b7be07c/docs/arquitectura/contexto-ml-service-flask.md#L1-L56
INT-012-BOLT-008;Sprint 4: Integración Laravel -> ML /predict;sprints/sprint 4.md;Sprint;sprint 4.md;32af7be;2026-04-28;main;1-74;https://github.com/Keterod/siderae-blenkir/blob/32af7bec9741907cd159f303ac9ed201e146be0e/sprints/sprint%204.md#L1-L74
INT-012-BOLT-009;Sin evidencia técnica encontrada en repositorio;;;;;;;
INT-012-BOLT-010;Sin evidencia técnica encontrada en repositorio;;;;;;;
INT-012-BOLT-011;Sin evidencia técnica encontrada en repositorio;;;;;;;
INT-012-BOLT-012;Sin evidencia técnica encontrada en repositorio;;;;;;;
INT-013-BOLT-001;Modelo de alertas con crearPorRiesgoAltoSiAplica;backend/app/Models/Alerta.php;Model;Alerta::crearPorRiesgoAltoSiAplica;abdfaf5;2026-04-29;main;52-70;https://github.com/Keterod/siderae-blenkir/blob/abdfaf5b26ad59891021d282da4ac37634a96adc/backend/app/Models/Alerta.php#L52-L70
INT-013-BOLT-002;Controlador API AlertaController (index, show);backend/app/Http/Controllers/Api/AlertaController.php;Controller;AlertaController;abdfaf5;2026-04-29;main;1-35;https://github.com/Keterod/siderae-blenkir/blob/abdfaf5b26ad59891021d282da4ac37634a96adc/backend/app/Http/Controllers/Api/AlertaController.php#L1-L35
INT-013-BOLT-003;Controlador API AlertaCierreController;backend/app/Http/Controllers/Api/AlertaCierreController.php;Controller;AlertaCierreController;abdfaf5;2026-04-29;main;1-52;https://github.com/Keterod/siderae-blenkir/blob/abdfaf5b26ad59891021d282da4ac37634a96adc/backend/app/Http/Controllers/Api/AlertaCierreController.php#L1-L52
INT-013-BOLT-004;Request CerrarAlertaRequest;backend/app/Http/Requests/CerrarAlertaRequest.php;FormRequest;CerrarAlertaRequest;abdfaf5;2026-04-29;main;1-23;https://github.com/Keterod/siderae-blenkir/blob/abdfaf5b26ad59891021d282da4ac37634a96adc/backend/app/Http/Requests/CerrarAlertaRequest.php#L1-L23
INT-013-BOLT-005;Tests de feature AlertaIntervencionTest;backend/tests/Feature/AlertaIntervencionTest.php;Test;AlertaIntervencionTest;abdfaf5;2026-04-29;main;16-364;https://github.com/Keterod/siderae-blenkir/blob/abdfaf5b26ad59891021d282da4ac37634a96adc/backend/tests/Feature/AlertaIntervencionTest.php#L16-L364
INT-013-BOLT-006;Panel de alertas en frontend;frontend/src/components/alertas/AlertasPanel.jsx;Component;AlertasPanel;6bdfcfd;2026-06-28;main;1-494;https://github.com/Keterod/siderae-blenkir/blob/6bdfcfd105735881a95f96bafe3b9912f4bbb1ce/frontend/src/components/alertas/AlertasPanel.jsx#L1-L494
INT-013-BOLT-007;Rutas API alertas;backend/routes/api.php;Route;GET /api/alertas, POST /api/alertas/{alerta}/cerrar;abdfaf5;2026-04-29;main;146-156;https://github.com/Keterod/siderae-blenkir/blob/abdfaf5b26ad59891021d282da4ac37634a96adc/backend/routes/api.php#L146-L156
INT-013-BOLT-008;Migración create_alertas_table;backend/database/migrations/2026_04_23_024427_create_alertas_table.php;Migration;create_alertas_table;32af7be;2026-04-28;main;1-24;https://github.com/Keterod/siderae-blenkir/blob/32af7bec9741907cd159f303ac9ed201e146be0e/backend/database/migrations/2026_04_23_024427_create_alertas_table.php#L1-L24
INT-013-BOLT-009;Especificación E2E Cypress alertas_intervenciones;frontend/cypress/e2e/alertas_intervenciones.cy.js;Cypress E2E;alertas_intervenciones.cy.js;9349f80;2026-06-24;main;1-88;https://github.com/Keterod/siderae-blenkir/blob/9349f80bda5f9dcc107050e2776ab52a41d9e096/frontend/cypress/e2e/alertas_intervenciones.cy.js#L1-L88
INT-013-BOLT-010;Plan Sprint 5: Alertas automáticas + intervención + cierre;sprints/sprint 5.md;Sprint;sprint 5.md;32af7be;2026-04-28;main;1-67;https://github.com/Keterod/siderae-blenkir/blob/32af7bec9741907cd159f303ac9ed201e146be0e/sprints/sprint%205.md#L1-L67
INT-013-BOLT-011;Sin evidencia técnica encontrada en repositorio;;;;;;;
INT-013-BOLT-012;Sin evidencia técnica encontrada en repositorio;;;;;;;
INT-014-BOLT-001;Modelo de intervenciones;backend/app/Models/Intervencion.php;Model;Intervencion;abdfaf5;2026-04-29;main;1-43;https://github.com/Keterod/siderae-blenkir/blob/abdfaf5b26ad59891021d282da4ac37634a96adc/backend/app/Models/Intervencion.php#L1-L43
INT-014-BOLT-002;Controlador API IntervencionController;backend/app/Http/Controllers/Api/IntervencionController.php;Controller;IntervencionController;ab2f530;2026-05-05;main;1-54;https://github.com/Keterod/siderae-blenkir/blob/ab2f530fd3965760c841b472d656c4feef9d53b6/backend/app/Http/Controllers/Api/IntervencionController.php#L1-L54
INT-014-BOLT-003;Request StoreIntervencionRequest;backend/app/Http/Requests/StoreIntervencionRequest.php;FormRequest;StoreIntervencionRequest;abdfaf5;2026-04-29;main;1-25;https://github.com/Keterod/siderae-blenkir/blob/abdfaf5b26ad59891021d282da4ac37634a96adc/backend/app/Http/Requests/StoreIntervencionRequest.php#L1-L25
INT-014-BOLT-004;Controlador API seguimiento psicólogo tutor;backend/app/Http/Controllers/Api/PsicologoTutorSeguimientoController.php;Controller;PsicologoTutorSeguimientoController;8bf71a0;2026-06-24;main;1-190;https://github.com/Keterod/siderae-blenkir/blob/8bf71a08def0f2d99aa836d63554f24385c1ec65/backend/app/Http/Controllers/Api/PsicologoTutorSeguimientoController.php#L1-L190
INT-014-BOLT-005;Panel de seguimiento psicólogo tutor en frontend;frontend/src/components/psicologo-tutor/PerfilPsicologoTutorPanel.jsx;Component;PerfilPsicologoTutorPanel;6bdfcfd;2026-06-28;main;1-361;https://github.com/Keterod/siderae-blenkir/blob/6bdfcfd105735881a95f96bafe3b9912f4bbb1ce/frontend/src/components/psicologo-tutor/PerfilPsicologoTutorPanel.jsx#L1-L361
INT-014-BOLT-006;Tests PsicologoTutorSeguimientoTest;backend/tests/Feature/PsicologoTutorSeguimientoTest.php;Test;PsicologoTutorSeguimientoTest;8bf71a0;2026-06-24;main;16-361;https://github.com/Keterod/siderae-blenkir/blob/8bf71a08def0f2d99aa836d63554f24385c1ec65/backend/tests/Feature/PsicologoTutorSeguimientoTest.php#L16-L361
INT-014-BOLT-007;Permiso ver_perfil_psicologo_tutor;backend/database/seeders/PermissionsSeeder.php;Seeder;ver_perfil_psicologo_tutor;3c44856;2026-06-24;main;63-65;https://github.com/Keterod/siderae-blenkir/blob/3c44856bcedc2abe69b570c3f10f44114262699f/backend/database/seeders/PermissionsSeeder.php#L63-L65
INT-014-BOLT-008;Ruta API psicologo-tutor/seguimiento;backend/routes/api.php;Route;GET /api/psicologo-tutor/seguimiento;8bf71a0;2026-06-24;main;143-144;https://github.com/Keterod/siderae-blenkir/blob/8bf71a08def0f2d99aa836d63554f24385c1ec65/backend/routes/api.php#L143-L144
INT-014-BOLT-009;Plan AI-DLC RF-11 perfil psicólogo tutor;docs/metodologia/planes-ai-dlc/plan-rf11-perfil-psicologo-tutor.md;Documentación;plan-rf11-perfil-psicologo-tutor.md;275d0bc;2026-06-24;main;1-349;https://github.com/Keterod/siderae-blenkir/blob/275d0bcbcedc2abe69b570c3f10f44114262699f/docs/metodologia/planes-ai-dlc/plan-rf11-perfil-psicologo-tutor.md#L1-L349
INT-014-BOLT-010;Proceso de atención psicológica tutorial;docs/procesos/04-atencion-psicologica-tutorial.md;Documentación;04-atencion-psicologica-tutorial.md;32af7be;2026-04-28;main;1-86;https://github.com/Keterod/siderae-blenkir/blob/32af7bec9741907cd159f303ac9ed201e146be0e/docs/procesos/04-atencion-psicologica-tutorial.md#L1-L86
INT-014-BOLT-011;Sin evidencia técnica encontrada en repositorio;;;;;;;
INT-014-BOLT-012;Sin evidencia técnica encontrada en repositorio;;;;;;;
INT-015-BOLT-001;Controlador API DashboardController legacy;backend/app/Http/Controllers/Api/DashboardController.php;Controller;DashboardController;ef38acb;2026-05-30;main;16-293;https://github.com/Keterod/siderae-blenkir/blob/ef38acb4f5d1753cf996192f8db472e9c548619a/backend/app/Http/Controllers/Api/DashboardController.php#L16-L293
INT-015-BOLT-002;Controlador API DashboardInstitucionalController;backend/app/Http/Controllers/Api/DashboardInstitucionalController.php;Controller;DashboardInstitucionalController;3b3da9b;2026-06-23;main;1-244;https://github.com/Keterod/siderae-blenkir/blob/3b3da9b6bcf7410b3054e877b637c8af9d2324d8/backend/app/Http/Controllers/Api/DashboardInstitucionalController.php#L1-L244
INT-015-BOLT-003;Request DashboardQueryRequest;backend/app/Http/Requests/DashboardQueryRequest.php;FormRequest;DashboardQueryRequest;961cb02;2026-06-03;main;9-62;https://github.com/Keterod/siderae-blenkir/blob/961cb02743744912bea05c5892bbe47c7cc9d950/backend/app/Http/Requests/DashboardQueryRequest.php#L9-L62
INT-015-BOLT-004;Vista PDF dashboard;backend/resources/views/pdf/dashboard.blade.php;View;dashboard.blade.php;75f4990;2026-05-05;main;1-85;https://github.com/Keterod/siderae-blenkir/blob/75f4990d9b9cddcc3413c8fb5566469a5899ecb4/backend/resources/views/pdf/dashboard.blade.php#L1-L85
INT-015-BOLT-005;Panel Dashboard legacy en frontend;frontend/src/components/DashboardPanel.jsx;Component;DashboardPanel;6bdfcfd;2026-06-28;main;91-508;https://github.com/Keterod/siderae-blenkir/blob/6bdfcfd105735881a95f96bafe3b9912f4bbb1ce/frontend/src/components/DashboardPanel.jsx#L91-L508
INT-015-BOLT-006;Panel Dashboard Institucional en frontend;frontend/src/components/dashboard/DashboardInstitucionalPanel.jsx;Component;DashboardInstitucionalPanel;4c3d46e;2026-06-23;main;1-387;https://github.com/Keterod/siderae-blenkir/blob/4c3d46e6bcf7410b3054e877b637c8af9d2324d8/frontend/src/components/dashboard/DashboardInstitucionalPanel.jsx#L1-L387
INT-015-BOLT-007;Tests DashboardTest;backend/tests/Feature/DashboardTest.php;Test;DashboardTest;ef38acb;2026-05-30;main;13-308;https://github.com/Keterod/siderae-blenkir/blob/ef38acb4f5d1753cf996192f8db472e9c548619a/backend/tests/Feature/DashboardTest.php#L13-L308
INT-015-BOLT-008;Tests DashboardInstitucionalTest;backend/tests/Feature/DashboardInstitucionalTest.php;Test;DashboardInstitucionalTest;3b3da9b;2026-06-23;main;14-287;https://github.com/Keterod/siderae-blenkir/blob/3b3da9b6bcf7410b3054e877b637c8af9d2324d8/backend/tests/Feature/DashboardInstitucionalTest.php#L14-L287
INT-015-BOLT-009;Permiso ver_dashboard_institucional;backend/database/seeders/PermissionsSeeder.php;Seeder;ver_dashboard_institucional;3a45cbc;2026-06-23;main;59-61;https://github.com/Keterod/siderae-blenkir/blob/3a45cbc6bcf7410b3054e877b637c8af9d2324d8/backend/database/seeders/PermissionsSeeder.php#L59-L61
INT-015-BOLT-010;Rutas API dashboard;backend/routes/api.php;Route;GET /api/dashboard, GET /api/dashboard/institucional;3b3da9b;2026-06-23;main;72-79;https://github.com/Keterod/siderae-blenkir/blob/3b3da9b6bcf7410b3054e877b637c8af9d2324d8/backend/routes/api.php#L72-L79
INT-015-BOLT-011;Plan AI-DLC RF-14 dashboard institucional;docs/metodologia/planes-ai-dlc/plan-rf14-dashboard-institucional.md;Documentación;plan-rf14-dashboard-institucional.md;517950f;2026-06-23;main;1-510;https://github.com/Keterod/siderae-blenkir/blob/517950f6bcf7410b3054e877b637c8af9d2324d8/docs/metodologia/planes-ai-dlc/plan-rf14-dashboard-institucional.md#L1-L510
INT-015-BOLT-012;Especificación E2E Cypress dashboard_filtros_graficos;frontend/cypress/e2e/dashboard_filtros_graficos.cy.js;Cypress E2E;dashboard_filtros_graficos.cy.js;9349f80;2026-06-24;main;1-58;https://github.com/Keterod/siderae-blenkir/blob/9349f80bda5f9dcc107050e2776ab52a41d9e096/frontend/cypress/e2e/dashboard_filtros_graficos.cy.js#L1-L58
INT-016-BOLT-001;Uso de activity() en controladores (ej. ProcesarRiesgoController);backend/app/Http/Controllers/Api/ProcesarRiesgoController.php;Controller;activity() logging;ab2f530;2026-05-05;main;53-77;https://github.com/Keterod/siderae-blenkir/blob/ab2f530fd3965760c841b472d656c4feef9d53b6/backend/app/Http/Controllers/Api/ProcesarRiesgoController.php#L53-L77
INT-016-BOLT-002;Uso de activity() en ReporteConductualController;backend/app/Http/Controllers/Api/ReporteConductualController.php;Controller;activity() logging;a01dddf;2026-06-10;main;50-88;https://github.com/Keterod/siderae-blenkir/blob/a01dddf92f47cbab90b85101700604652a4f9b13/backend/app/Http/Controllers/Api/ReporteConductualController.php#L50-L88
INT-016-BOLT-003;Tests ActivityLogTest;backend/tests/Feature/ActivityLogTest.php;Test;ActivityLogTest;ab2f530;2026-05-05;main;19-278;https://github.com/Keterod/siderae-blenkir/blob/ab2f530fd3965760c841b472d656c4feef9d53b6/backend/tests/Feature/ActivityLogTest.php#L19-L278
INT-016-BOLT-004;Migraciones de activity_log;backend/database/migrations/2026_04_23_023847_create_activity_log_table.php;Migration;create_activity_log_table;32af7be;2026-04-28;main;1-27;https://github.com/Keterod/siderae-blenkir/blob/32af7bec9741907cd159f303ac9ed201e146be0e/backend/database/migrations/2026_04_23_023847_create_activity_log_table.php#L1-L27
INT-016-BOLT-005;Uso de activity() en EstudianteController;backend/app/Http/Controllers/Api/EstudianteController.php;Controller;activity() logging;ab2f530;2026-05-05;main;13-120;https://github.com/Keterod/siderae-blenkir/blob/ab2f530fd3965760c841b472d656c4feef9d53b6/backend/app/Http/Controllers/Api/EstudianteController.php#L13-L120
INT-016-BOLT-006;Sin evidencia técnica encontrada en repositorio;;;;;;;
INT-016-BOLT-007;Sin evidencia técnica encontrada en repositorio;;;;;;;
INT-016-BOLT-008;Sin evidencia técnica encontrada en repositorio;;;;;;;
INT-016-BOLT-009;Sin evidencia técnica encontrada en repositorio;;;;;;;
INT-016-BOLT-010;Sin evidencia técnica encontrada en repositorio;;;;;;;
INT-016-BOLT-011;Sin evidencia técnica encontrada en repositorio;;;;;;;
INT-016-BOLT-012;Sin evidencia técnica encontrada en repositorio;;;;;;;
INT-017-BOLT-001;Configuración de middleware groups y aliases;backend/bootstrap/app.php;Bootstrap;bootstrap/app.php;ef38acb;2026-05-30;main;16-33;https://github.com/Keterod/siderae-blenkir/blob/ef38acb4f5d1753cf996192f8db472e9c548619a/backend/bootstrap/app.php#L16-L33
INT-017-BOLT-002;Middleware verified (email verificado);backend/app/Http/Middleware/EnsureEmailIsVerified.php;Middleware;EnsureEmailIsVerified;32af7be;2026-04-28;main;10-27;https://github.com/Keterod/siderae-blenkir/blob/32af7bec9741907cd159f303ac9ed201e146be0e/backend/app/Http/Middleware/EnsureEmailIsVerified.php#L10-L27
INT-017-BOLT-003;Middleware usuario.activo;backend/app/Http/Middleware/EnsureUsuarioActivo.php;Middleware;EnsureUsuarioActivo;ef38acb;2026-05-30;main;9-30;https://github.com/Keterod/siderae-blenkir/blob/ef38acb4f5d1753cf996192f8db472e9c548619a/backend/app/Http/Middleware/EnsureUsuarioActivo.php#L9-L30
INT-017-BOLT-004;Seeder de permisos y asignación a roles;backend/database/seeders/PermissionsSeeder.php;Seeder;PermissionsSeeder;3c44856;2026-06-24;main;9-147;https://github.com/Keterod/siderae-blenkir/blob/3c44856bcedc2abe69b570c3f10f44114262699f/backend/database/seeders/PermissionsSeeder.php#L9-L147
INT-017-BOLT-005;Rutas API protegidas por auth:sanctum y permission;backend/routes/api.php;Route;api.php;8bf71a0;2026-06-24;main;61-312;https://github.com/Keterod/siderae-blenkir/blob/8bf71a08def0f2d99aa836d63554f24385c1ec65/backend/routes/api.php#L61-L312
INT-017-BOLT-006;Throttling en rutas de verificación de email;backend/routes/auth.php;Route;auth.php;2c51c0d;2026-05-05;main;27-33;https://github.com/Keterod/siderae-blenkir/blob/2c51c0d0213b0d67724bebc6d3684b2cf2f9a0d9/backend/routes/auth.php#L27-L33
INT-017-BOLT-007;Rate limiting en LoginRequest;backend/app/Http/Requests/Auth/LoginRequest.php;FormRequest;LoginRequest;ef38acb;2026-05-30;main;42-88;https://github.com/Keterod/siderae-blenkir/blob/ef38acb4f5d1753cf996192f8db472e9c548619a/backend/app/Http/Requests/Auth/LoginRequest.php#L42-L88
INT-017-BOLT-008;Configuración de Sanctum;backend/config/sanctum.php;Config;sanctum.php;32af7be;2026-04-28;main;1-87;https://github.com/Keterod/siderae-blenkir/blob/32af7bec9741907cd159f303ac9ed201e146be0e/backend/config/sanctum.php#L1-L87
INT-017-BOLT-009;Documentación seguridad roles permisos;docs/seguridad-roles-permisos.md;Documentación;seguridad-roles-permisos.md;3c44856;2026-06-24;main;1-180;https://github.com/Keterod/siderae-blenkir/blob/3c44856bcedc2abe69b570c3f10f44114262699f/docs/seguridad-roles-permisos.md#L1-L180
INT-017-BOLT-010;Sin evidencia técnica encontrada en repositorio;;;;;;;
INT-017-BOLT-011;Sin evidencia técnica encontrada en repositorio;;;;;;;
INT-017-BOLT-012;Sin evidencia técnica encontrada en repositorio;;;;;;;
INT-018-BOLT-001;Configuración de PHPUnit;backend/phpunit.xml;Test Config;phpunit.xml;32af7be;2026-04-28;main;1-36;https://github.com/Keterod/siderae-blenkir/blob/32af7bec9741907cd159f303ac9ed201e146be0e/backend/phpunit.xml#L1-L36
INT-018-BOLT-002;Tests de autenticación;backend/tests/Feature/Auth/AuthenticationTest.php;Test;AuthenticationTest;32af7be;2026-04-28;main;9-35;https://github.com/Keterod/siderae-blenkir/blob/32af7bec9741907cd159f303ac9ed201e146be0e/backend/tests/Feature/Auth/AuthenticationTest.php#L9-L35
INT-018-BOLT-003;Tests de estudiantes;backend/tests/Feature/EstudianteTest.php;Test;EstudianteTest;ef38acb;2026-05-30;main;11-284;https://github.com/Keterod/siderae-blenkir/blob/ef38acb4f5d1753cf996192f8db472e9c548619a/backend/tests/Feature/EstudianteTest.php#L11-L284
INT-018-BOLT-004;Tests de datos académicos;backend/tests/Feature/DatosAcademicosTest.php;Test;DatosAcademicosTest;6189743;2026-04-28;main;16-622;https://github.com/Keterod/siderae-blenkir/blob/61897439919abd83cf1f2854bd4ab03aed43bfde/backend/tests/Feature/DatosAcademicosTest.php#L16-L622
INT-018-BOLT-005;Tests de riesgo;backend/tests/Feature/RiesgoTest.php;Test;RiesgoTest;c66c496;2026-06-23;main;18-405;https://github.com/Keterod/siderae-blenkir/blob/c66c4960646e0202f42658b437548c824352133c/backend/tests/Feature/RiesgoTest.php#L18-L405
INT-018-BOLT-006;Tests de alertas e intervenciones;backend/tests/Feature/AlertaIntervencionTest.php;Test;AlertaIntervencionTest;abdfaf5;2026-04-29;main;16-364;https://github.com/Keterod/siderae-blenkir/blob/abdfaf5b26ad59891021d282da4ac37634a96adc/backend/tests/Feature/AlertaIntervencionTest.php#L16-L364
INT-018-BOLT-007;Tests curriculares;backend/tests/Feature/Curricular/CurricularApiTest.php;Test;CurricularApiTest;e910cb4;2026-05-24;main;25-1825;https://github.com/Keterod/siderae-blenkir/blob/e910cb4d1766272411a12a942713034c1fcc4922/backend/tests/Feature/Curricular/CurricularApiTest.php#L25-L1825
INT-018-BOLT-008;Tests unitarios curriculares;backend/tests/Unit/Curricular/CeCalculatorServiceTest.php;Test;CeCalculatorServiceTest;e910cb4;2026-05-24;main;11-53;https://github.com/Keterod/siderae-blenkir/blob/e910cb4d1766272411a12a942713034c1fcc4922/backend/tests/Unit/Curricular/CeCalculatorServiceTest.php#L11-L53
INT-018-BOLT-009;Configuración Cypress;frontend/cypress.config.js;Cypress Config;cypress.config.js;71fc58d;2026-06-17;main;1-23;https://github.com/Keterod/siderae-blenkir/blob/71fc58dd4d852df5becece8b81734fa72ea22cf3/frontend/cypress.config.js#L1-L23
INT-018-BOLT-010;Especificación E2E Cypress auth-login;frontend/cypress/e2e/auth-login.cy.js;Cypress E2E;auth-login.cy.js;a38c164;2026-06-23;main;1-32;https://github.com/Keterod/siderae-blenkir/blob/a38c1642aec5d1a910a1b9995728099eb2687019/frontend/cypress/e2e/auth-login.cy.js#L1-L32
INT-018-BOLT-011;Documento Plan de Pruebas;docs/pruebas/Plan_de_Pruebas_SIDERAE_Blenkir.md;Documentación;Plan_de_Pruebas_SIDERAE_Blenkir.md;75f0f9f;2026-04-28;main;1-320;https://github.com/Keterod/siderae-blenkir/blob/75f0f9fd61d0cd0b1f609a6b18e0e2b6a7942cb2/docs/pruebas/Plan_de_Pruebas_SIDERAE_Blenkir.md#L1-L320
INT-018-BOLT-012;Documento Informe de pruebas;docs/pruebas/informe-pruebas.md;Documentación;informe-pruebas.md;fe3cb9b;2026-06-09;main;1-324;https://github.com/Keterod/siderae-blenkir/blob/fe3cb9bd5a973d1da151277823aa9e691404ca2e/docs/pruebas/informe-pruebas.md#L1-L324
INT-019-BOLT-001;README principal;README.md;Documentación;README.md;9349f80;2026-06-24;main;1-366;https://github.com/Keterod/siderae-blenkir/blob/9349f80bda5f9dcc107050e2776ab52a41d9e096/README.md#L1-L366
INT-019-BOLT-002;Arquitectura del sistema;ARCHITECTURE.md;Documentación;ARCHITECTURE.md;32af7be;2026-04-28;main;1-100;https://github.com/Keterod/siderae-blenkir/blob/32af7bec9741907cd159f303ac9ed201e146be0e/ARCHITECTURE.md#L1-L100
INT-019-BOLT-003;Reglas de Cursor;cursorrules;Documentación;cursorrules;32af7be;2026-04-28;main;1-113;https://github.com/Keterod/siderae-blenkir/blob/32af7bec9741907cd159f303ac9ed201e146be0e/.cursorrules#L1-L113
INT-019-BOLT-004;Contexto backend Laravel;docs/arquitectura/contexto-backend-laravel.md;Documentación;contexto-backend-laravel.md;5b2ac93;2026-05-05;main;1-134;https://github.com/Keterod/siderae-blenkir/blob/5b2ac93d844bb6d1800a2055247839465b7be07c/docs/arquitectura/contexto-backend-laravel.md#L1-L134
INT-019-BOLT-005;Contexto frontend React;docs/arquitectura/contexto-frontend-react.md;Documentación;contexto-frontend-react.md;5b2ac93;2026-05-05;main;1-102;https://github.com/Keterod/siderae-blenkir/blob/5b2ac93d844bb6d1800a2055247839465b7be07c/docs/arquitectura/contexto-frontend-react.md#L1-L102
INT-019-BOLT-006;Contexto DRS requerimientos;docs/arquitectura/contexto-drs-requerimientos.md;Documentación;contexto-drs-requerimientos.md;6dca675;2026-05-05;main;1-161;https://github.com/Keterod/siderae-blenkir/blob/6dca675045bd13cf10a62f90f94e5216aefad9dd/docs/arquitectura/contexto-drs-requerimientos.md#L1-L161
INT-019-BOLT-007;DRS v2;docs/drs/DRS_SIDERAE_Blenkir_v2.md;Documentación;DRS_SIDERAE_Blenkir_v2.md;fe3cb9b;2026-06-09;main;1-757;https://github.com/Keterod/siderae-blenkir/blob/fe3cb9bd5a973d1da151277823aa9e691404ca2e/docs/drs/DRS_SIDERAE_Blenkir_v2.md#L1-L757
INT-019-BOLT-008;Acta Sprint 1; sprints/sprint 1.md;Documentación;sprint 1.md;32af7be;2026-04-28;main;1-46;https://github.com/Keterod/siderae-blenkir/blob/32af7bec9741907cd159f303ac9ed201e146be0e/sprints/sprint%201.md#L1-L46
INT-019-BOLT-009;Acta Sprint 4 (integración ML);sprints/sprint 4.md;Documentación;sprint 4.md;32af7be;2026-04-28;main;1-74;https://github.com/Keterod/siderae-blenkir/blob/32af7bec9741907cd159f303ac9ed201e146be0e/sprints/sprint%204.md#L1-L74
INT-019-BOLT-010;Acta Sprint 5 (alertas e intervenciones);sprints/sprint 5.md;Documentación;sprint 5.md;32af7be;2026-04-28;main;1-67;https://github.com/Keterod/siderae-blenkir/blob/32af7bec9741907cd159f303ac9ed201e146be0e/sprints/sprint%205.md#L1-L67
INT-019-BOLT-011;Acta Sprint 8.5B (módulo curricular);sprints/sprint 8.5B.md;Documentación;sprint 8.5B.md;e910cb4;2026-05-24;main;1-136;https://github.com/Keterod/siderae-blenkir/blob/e910cb4d1766272411a12a942713034c1fcc4922/sprints/sprint%208.5B.md#L1-L136
INT-019-BOLT-012;Documentación metodología AI-DLC;docs/metodologia/ai-dlc-aplicado-siderae.md;Documentación;ai-dlc-aplicado-siderae.md;8193246;2026-06-10;main;1-165;https://github.com/Keterod/siderae-blenkir/blob/819324699303c6c70581727ecf9f54405d4d6437/docs/metodologia/ai-dlc-aplicado-siderae.md#L1-L165
INT-020-BOLT-001;Documento de no conformidades y mejora;docs/calidad/no-conformidades-y-mejora.md;Documentación;no-conformidades-y-mejora.md;fe3cb9b;2026-06-09;main;1-200;https://github.com/Keterod/siderae-blenkir/blob/fe3cb9bd5a973d1da151277823aa9e691404ca2e/docs/calidad/no-conformidades-y-mejora.md#L1-L200
INT-020-BOLT-002;Documento de alineación ISO;docs/calidad/alineacion-iso.md;Documentación;alineacion-iso.md;fe3cb9b;2026-06-09;main;1-88;https://github.com/Keterod/siderae-blenkir/blob/fe3cb9bd5a973d1da151277823aa9e691404ca2e/docs/calidad/alineacion-iso.md#L1-L88
INT-020-BOLT-003;Auditoría de documentación;docs/auditoria-documentacion.md;Documentación;auditoria-documentacion.md;039644f;2026-06-10;main;1-286;https://github.com/Keterod/siderae-blenkir/blob/039644ff062ee9aa4329afb260c103965192837f/docs/auditoria-documentacion.md#L1-L286
INT-020-BOLT-004;Hallazgos fase 1 documentación;docs/pruebas/hallazgos-fase1-documentacion.md;Documentación;hallazgos-fase1-documentacion.md;fe3cb9b;2026-06-09;main;1-109;https://github.com/Keterod/siderae-blenkir/blob/fe3cb9bd5a973d1da151277823aa9e691404ca2e/docs/pruebas/hallazgos-fase1-documentacion.md#L1-L109
INT-020-BOLT-005;Smoke manual V1;docs/pruebas/smoke-manual-v1.md;Documentación;smoke-manual-v1.md;218c3b6;2026-06-24;main;1-42;https://github.com/Keterod/siderae-blenkir/blob/218c3b69a5d5e6744d2b9b81e86ba0b0a0d3e4e9/docs/pruebas/smoke-manual-v1.md#L1-L42
INT-020-BOLT-006;Matriz RF sprint test;docs/matriz-rf-sprint-test.md;Documentación;matriz-rf-sprint-test.md;6dca675;2026-05-05;main;1-260;https://github.com/Keterod/siderae-blenkir/blob/6dca675045bd13cf10a62f90f94e5216aefad9dd/docs/matriz-rf-sprint-test.md#L1-L260
INT-020-BOLT-007;Sin evidencia técnica encontrada en repositorio;;;;;;;
INT-020-BOLT-008;Sin evidencia técnica encontrada en repositorio;;;;;;;
INT-020-BOLT-009;Sin evidencia técnica encontrada en repositorio;;;;;;;
INT-020-BOLT-010;Sin evidencia técnica encontrada en repositorio;;;;;;;
INT-020-BOLT-011;Sin evidencia técnica encontrada en repositorio;;;;;;;
INT-020-BOLT-012;Sin evidencia técnica encontrada en repositorio;;;;;;;
